,generation,train_fitness
0,10.0,0.4350371831043159
1,20.0,0.4350371831043159
