,generation,valid_accuracy
0,10.0,0.1396484375
1,20.0,0.1494140625
