,generation,valid_fitness
0,10.0,0.4347156525954037
1,20.0,0.43403839438079095
