,generation,valid_accuracy
0,10.0,0.30859375
1,20.0,0.4638671875
