,generation,valid_fitness
0,10.0,0.48785873215911296
1,20.0,0.5401967231396868
