,generation,train_fitness
0,10.0,0.4848452317949553
1,20.0,0.53696510568389
